{"info":{"_postman_id":"5b38e14e-c4df-4eba-9488-387e39584dca","name":"lolesports","schema":"https://schema.getpostman.com/json/collection/v2.1.0/collection.json"},"item":[{"name":"Get List of Players","id":"0aaf6945-4c96-4e9f-88fb-d1ee2d12dfeb","protocolProfileBehavior":{"disableBodyPruning":true},"request":{"method":"GET","header":[],"url":{"raw":"http://localhost:8080/player","protocol":"http","host":["localhost"],"port":"8080","path":["player"]}},"response":[{"id":"6f74e83d-54a6-4c57-aefc-0862c1732bee","name":"Get List of Players","originalRequest":{"method":"GET","header":[],"url":{"raw":"http://localhost:8080/player","protocol":"http","host":["localhost"],"port":"8080","path":["player"]}},"status":"OK","code":200,"_postman_previewlanguage":"json","header":[{"key":"X-Powered-By","value":"Express"},{"key":"Content-Type","value":"application/json; charset=utf-8"},{"key":"Content-Length","value":"714"},{"key":"ETag","value":"W/\"2ca-cC+6V/k1isYy9SGYkKexlEU/FR8\""},{"key":"Date","value":"Thu, 17 Oct 2024 13:49:35 GMT"},{"key":"Connection","value":"keep-alive"},{"key":"Keep-Alive","value":"timeout=5"}],"cookie":[],"responseTime":null,"body":"[\n    {\n        \"id\": 2,\n        \"username\": \"TestUser\",\n        \"name\": \"TestName\",\n        \"role\": \"TestRole\",\n        \"team_id\": 6,\n        \"avatar\": null\n    },\n    {\n        \"id\": 3,\n        \"username\": \"TestUser2\",\n        \"name\": \"TestName2\",\n        \"role\": \"TestRole2\",\n        \"team_id\": 6,\n        \"avatar\": null\n    },\n    {\n        \"id\": 4,\n        \"username\": \"TestUser3\",\n        \"name\": \"TestName3\",\n        \"role\": \"TestRole3\",\n        \"team_id\": 6,\n        \"avatar\": null\n    },\n    {\n        \"id\": 5,\n        \"username\": \"Supercalifragilisticexpialidocious\",\n        \"name\": \"TestName3\",\n        \"role\": \"TestRole3\",\n        \"team_id\": 6,\n        \"avatar\": null\n    },\n    {\n        \"id\": 6,\n        \"username\": \"Username\",\n        \"name\": \"Firstname Lastname\",\n        \"role\": \"Rolename\",\n        \"team_id\": 6,\n        \"avatar\": null\n    },\n    {\n        \"id\": 7,\n        \"username\": \"Username\",\n        \"name\": \"Firstname Lastname\",\n        \"role\": \"Rolename\",\n        \"team_id\": 6,\n        \"avatar\": null\n    },\n    {\n        \"id\": 8,\n        \"username\": \"Username\",\n        \"name\": \"Firstname Lastname\",\n        \"role\": \"Jungle\",\n        \"team_id\": 6,\n        \"avatar\": null\n    }\n]"}]},{"name":"Get Player","id":"1168c8ed-5698-49e2-ad2a-54fc4a599929","protocolProfileBehavior":{"disableBodyPruning":true},"request":{"method":"GET","header":[],"url":{"raw":"localhost:8080/player/1","host":["localhost"],"port":"8080","path":["player","1"]}},"response":[{"id":"c5b51e55-5b3a-4e97-833a-99f7cb25233e","name":"Get Player","originalRequest":{"method":"GET","header":[],"url":{"raw":"localhost:8080/player/2","host":["localhost"],"port":"8080","path":["player","2"]}},"status":"OK","code":200,"_postman_previewlanguage":"json","header":[{"key":"X-Powered-By","value":"Express"},{"key":"Content-Type","value":"application/json; charset=utf-8"},{"key":"Content-Length","value":"92"},{"key":"ETag","value":"W/\"5c-DswZUv1i+j/PU7ja0QGxe81oY1A\""},{"key":"Date","value":"Thu, 17 Oct 2024 13:52:18 GMT"},{"key":"Connection","value":"keep-alive"},{"key":"Keep-Alive","value":"timeout=5"}],"cookie":[],"responseTime":null,"body":"{\n    \"id\": 2,\n    \"username\": \"TestUser\",\n    \"name\": \"TestName\",\n    \"role\": \"TestRole\",\n    \"team_id\": 6,\n    \"avatar\": null\n}"}]},{"name":"Create Player","id":"391d1a57-0a65-46c4-896f-1eaa4f0a5b0f","protocolProfileBehavior":{"disableBodyPruning":true},"request":{"method":"POST","header":[],"body":{"mode":"raw","raw":"{\r\n    \"username\": \"Username\",\r\n    \"name\": \"Firstname Lastname\",\r\n    \"role\": \"Jungle\",\r\n    \"team_id\": 6,\r\n    \"avatar\": null\r\n}","options":{"raw":{"language":"json"}}},"url":{"raw":"http://localhost:8080/player","protocol":"http","host":["localhost"],"port":"8080","path":["player"]}},"response":[{"id":"bde02830-7470-4a2b-ac44-12043d0edafa","name":"Create Player","originalRequest":{"method":"POST","header":[],"body":{"mode":"raw","raw":"{\r\n    \"username\": \"Username\",\r\n    \"name\": \"Firstname Lastname\",\r\n    \"role\": \"Jungle\",\r\n    \"team_id\": 6,\r\n    \"avatar\": null\r\n}","options":{"raw":{"language":"json"}}},"url":{"raw":"http://localhost:8080/player","protocol":"http","host":["localhost"],"port":"8080","path":["player"]}},"status":"Created","code":201,"_postman_previewlanguage":"json","header":[{"key":"X-Powered-By","value":"Express"},{"key":"Content-Type","value":"application/json; charset=utf-8"},{"key":"Content-Length","value":"100"},{"key":"ETag","value":"W/\"64-AXz9Zd+44pD86a4SWvQEA5+ZxsI\""},{"key":"Date","value":"Thu, 17 Oct 2024 13:53:27 GMT"},{"key":"Connection","value":"keep-alive"},{"key":"Keep-Alive","value":"timeout=5"}],"cookie":[],"responseTime":null,"body":"{\n    \"username\": \"Username\",\n    \"name\": \"Firstname Lastname\",\n    \"role\": \"Jungle\",\n    \"team_id\": 6,\n    \"avatar\": null,\n    \"id\": 9\n}"}]},{"name":"Update Player","id":"0517ef10-b3c3-4640-95cc-d8299053a792","protocolProfileBehavior":{"disableBodyPruning":true},"request":{"method":"PUT","header":[],"body":{"mode":"raw","raw":"{\r\n    \"username\": \"NEW TEST NAME\",\r\n    \"role\": \"NEW TEST ROLE\"\r\n}","options":{"raw":{"language":"json"}}},"url":{"raw":"http://localhost:8080/player/2","protocol":"http","host":["localhost"],"port":"8080","path":["player","2"]}},"response":[{"id":"32a6612e-fbea-4a41-9ed7-2fd3e63b2292","name":"Update Player","originalRequest":{"method":"PUT","header":[],"body":{"mode":"raw","raw":"{\r\n    \"username\": \"NEW TEST NAME\",\r\n    \"role\": \"NEW TEST ROLE\"\r\n}","options":{"raw":{"language":"json"}}},"url":{"raw":"http://localhost:8080/player/2","protocol":"http","host":["localhost"],"port":"8080","path":["player","2"]}},"status":"OK","code":200,"_postman_previewlanguage":"json","header":[{"key":"X-Powered-By","value":"Express"},{"key":"Content-Type","value":"application/json; charset=utf-8"},{"key":"Content-Length","value":"102"},{"key":"ETag","value":"W/\"66-kfzFNqOLhOxUnlmvS/uTp0TgaZA\""},{"key":"Date","value":"Thu, 17 Oct 2024 13:53:41 GMT"},{"key":"Connection","value":"keep-alive"},{"key":"Keep-Alive","value":"timeout=5"}],"cookie":[],"responseTime":null,"body":"{\n    \"id\": 2,\n    \"username\": \"NEW TEST NAME\",\n    \"name\": \"TestName\",\n    \"role\": \"NEW TEST ROLE\",\n    \"team_id\": 6,\n    \"avatar\": null\n}"}]},{"name":"Delete Player","id":"38c7a214-24b2-4632-a009-a4803aae73f1","protocolProfileBehavior":{"disableBodyPruning":true},"request":{"method":"DELETE","header":[],"url":{"raw":"http://localhost:8080/player/2","protocol":"http","host":["localhost"],"port":"8080","path":["player","2"]}},"response":[{"id":"ec748a0c-7ab9-41de-ba62-c79f5caa1180","name":"Delete Player","originalRequest":{"method":"DELETE","header":[],"url":{"raw":"http://localhost:8080/player/2","protocol":"http","host":["localhost"],"port":"8080","path":["player","2"]}},"status":"No Content","code":204,"_postman_previewlanguage":"plain","header":[{"key":"X-Powered-By","value":"Express"},{"key":"ETag","value":"W/\"17-PVQD/E0HAqMH9FRBYNXdIixTtCA\""},{"key":"Date","value":"Thu, 17 Oct 2024 13:54:14 GMT"},{"key":"Connection","value":"keep-alive"},{"key":"Keep-Alive","value":"timeout=5"}],"cookie":[],"responseTime":null,"body":null}]},{"name":"Get List of Teams","id":"d23aebe5-2f62-46c6-a8ae-e75c5f004a43","protocolProfileBehavior":{"disableBodyPruning":true},"request":{"method":"GET","header":[],"url":{"raw":"http://localhost:8080/team","protocol":"http","host":["localhost"],"port":"8080","path":["team"]}},"response":[{"id":"002292ef-8b7d-4974-a6ab-68746ecab36e","name":"Get List of Teams","originalRequest":{"method":"GET","header":[],"url":{"raw":"http://localhost:8080/team","protocol":"http","host":["localhost"],"port":"8080","path":["team"]}},"status":"OK","code":200,"_postman_previewlanguage":"json","header":[{"key":"X-Powered-By","value":"Express"},{"key":"Content-Type","value":"application/json; charset=utf-8"},{"key":"Content-Length","value":"66"},{"key":"ETag","value":"W/\"42-Qsunax09X48BMMzc6gbIR6x0BbQ\""},{"key":"Date","value":"Thu, 17 Oct 2024 13:54:25 GMT"},{"key":"Connection","value":"keep-alive"},{"key":"Keep-Alive","value":"timeout=5"}],"cookie":[],"responseTime":null,"body":"[\n    {\n        \"id\": 6,\n        \"teamname\": \"Bench\",\n        \"league\": \"\",\n        \"country\": \"\",\n        \"logo\": null\n    }\n]"}]},{"name":"Get Team","id":"2957d2cd-7e3a-4ca9-8703-ec6797a6a34c","protocolProfileBehavior":{"disableBodyPruning":true},"request":{"method":"GET","header":[],"url":{"raw":"http://localhost:8080/team/6","protocol":"http","host":["localhost"],"port":"8080","path":["team","6"]}},"response":[{"id":"699d7d7c-2a74-4a6c-8c9b-d2d3647039c5","name":"Get Team","originalRequest":{"method":"GET","header":[],"url":{"raw":"http://localhost:8080/team/6","protocol":"http","host":["localhost"],"port":"8080","path":["team","6"]}},"status":"OK","code":200,"_postman_previewlanguage":"json","header":[{"key":"X-Powered-By","value":"Express"},{"key":"Content-Type","value":"application/json; charset=utf-8"},{"key":"Content-Length","value":"64"},{"key":"ETag","value":"W/\"40-jH83HYFY1nUsXXmm3I9TDSflv0A\""},{"key":"Date","value":"Thu, 17 Oct 2024 13:54:37 GMT"},{"key":"Connection","value":"keep-alive"},{"key":"Keep-Alive","value":"timeout=5"}],"cookie":[],"responseTime":null,"body":"{\n    \"id\": 6,\n    \"teamname\": \"Bench\",\n    \"league\": \"\",\n    \"country\": \"\",\n    \"logo\": null\n}"}]},{"name":"Get Players on Team","id":"8a1012f7-0d92-4521-829b-4957d8cb39c4","protocolProfileBehavior":{"disableBodyPruning":true},"request":{"method":"GET","header":[],"url":{"raw":"http://localhost:8080/team/6/players","protocol":"http","host":["localhost"],"port":"8080","path":["team","6","players"]}},"response":[{"id":"4e4da366-c55e-4de6-908e-fd9377b6cd82","name":"Get Players on Team","originalRequest":{"method":"GET","header":[],"url":{"raw":"http://localhost:8080/team/6/players","protocol":"http","host":["localhost"],"port":"8080","path":["team","6","players"]}},"status":"OK","code":200,"_postman_previewlanguage":"json","header":[{"key":"X-Powered-By","value":"Express"},{"key":"Content-Type","value":"application/json; charset=utf-8"},{"key":"Content-Length","value":"722"},{"key":"ETag","value":"W/\"2d2-bnhlIyyQMyGN5Tka+jgESHBU1BE\""},{"key":"Date","value":"Thu, 17 Oct 2024 13:54:43 GMT"},{"key":"Connection","value":"keep-alive"},{"key":"Keep-Alive","value":"timeout=5"}],"cookie":[],"responseTime":null,"body":"[\n    {\n        \"id\": 3,\n        \"username\": \"TestUser2\",\n        \"name\": \"TestName2\",\n        \"role\": \"TestRole2\",\n        \"team_id\": 6,\n        \"avatar\": null\n    },\n    {\n        \"id\": 4,\n        \"username\": \"TestUser3\",\n        \"name\": \"TestName3\",\n        \"role\": \"TestRole3\",\n        \"team_id\": 6,\n        \"avatar\": null\n    },\n    {\n        \"id\": 5,\n        \"username\": \"Supercalifragilisticexpialidocious\",\n        \"name\": \"TestName3\",\n        \"role\": \"TestRole3\",\n        \"team_id\": 6,\n        \"avatar\": null\n    },\n    {\n        \"id\": 6,\n        \"username\": \"Username\",\n        \"name\": \"Firstname Lastname\",\n        \"role\": \"Rolename\",\n        \"team_id\": 6,\n        \"avatar\": null\n    },\n    {\n        \"id\": 7,\n        \"username\": \"Username\",\n        \"name\": \"Firstname Lastname\",\n        \"role\": \"Rolename\",\n        \"team_id\": 6,\n        \"avatar\": null\n    },\n    {\n        \"id\": 8,\n        \"username\": \"Username\",\n        \"name\": \"Firstname Lastname\",\n        \"role\": \"Jungle\",\n        \"team_id\": 6,\n        \"avatar\": null\n    },\n    {\n        \"id\": 9,\n        \"username\": \"Username\",\n        \"name\": \"Firstname Lastname\",\n        \"role\": \"Jungle\",\n        \"team_id\": 6,\n        \"avatar\": null\n    }\n]"}]},{"name":"Create Team","id":"506b88a9-6d32-4e32-9eea-3aa9d8781b72","protocolProfileBehavior":{"disableBodyPruning":true},"request":{"method":"POST","header":[],"body":{"mode":"raw","raw":"{\r\n    \"teamname\": \"Bench\",\r\n    \"league\": \"\",\r\n    \"country\": \"\",\r\n    \"logo\": null\r\n}","options":{"raw":{"language":"json"}}},"url":{"raw":"http://localhost:8080/team","protocol":"http","host":["localhost"],"port":"8080","path":["team"]}},"response":[{"id":"9bde143e-a17f-438e-9efe-098a4d85108f","name":"Create Team","originalRequest":{"method":"POST","header":[],"body":{"mode":"raw","raw":"{\r\n    \"teamname\": \"T1\",\r\n    \"league\": \"LCS\",\r\n    \"country\": \"Korea\",\r\n    \"logo\": null\r\n}","options":{"raw":{"language":"json"}}},"url":{"raw":"http://localhost:8080/team","protocol":"http","host":["localhost"],"port":"8080","path":["team"]}},"status":"Created","code":201,"_postman_previewlanguage":"json","header":[{"key":"X-Powered-By","value":"Express"},{"key":"Content-Type","value":"application/json; charset=utf-8"},{"key":"Content-Length","value":"69"},{"key":"ETag","value":"W/\"45-X/4I6/2ksHHoDLRsj2EmGK2XsGk\""},{"key":"Date","value":"Thu, 17 Oct 2024 13:55:08 GMT"},{"key":"Connection","value":"keep-alive"},{"key":"Keep-Alive","value":"timeout=5"}],"cookie":[],"responseTime":null,"body":"{\n    \"teamname\": \"T1\",\n    \"league\": \"LCS\",\n    \"country\": \"Korea\",\n    \"logo\": null,\n    \"id\": 7\n}"}]},{"name":"Update Team","id":"fe2c5426-f5fc-4e99-9efc-7164915558e8","protocolProfileBehavior":{"disableBodyPruning":true},"request":{"method":"PUT","header":[],"body":{"mode":"raw","raw":"{\r\n    \"teamname\": \"NEW TEAM NAME\",\r\n    \"league\": \"TEST LEAGUE\"\r\n}","options":{"raw":{"language":"json"}}},"url":{"raw":"http://localhost:8080/team/1","protocol":"http","host":["localhost"],"port":"8080","path":["team","1"]}},"response":[{"id":"2f14ed08-d663-4bb6-a58b-4077e87bb30a","name":"Update Team","originalRequest":{"method":"PUT","header":[],"body":{"mode":"raw","raw":"{\r\n    \"teamname\": \"NEW TEAM NAME\",\r\n    \"league\": \"TEST LEAGUE\"\r\n}","options":{"raw":{"language":"json"}}},"url":{"raw":"http://localhost:8080/team/7","protocol":"http","host":["localhost"],"port":"8080","path":["team","7"]}},"status":"OK","code":200,"_postman_previewlanguage":"json","header":[{"key":"X-Powered-By","value":"Express"},{"key":"Content-Type","value":"application/json; charset=utf-8"},{"key":"Content-Length","value":"88"},{"key":"ETag","value":"W/\"58-URIZxVdcSAWIWQcTe4gGeMCxRU0\""},{"key":"Date","value":"Thu, 17 Oct 2024 13:55:36 GMT"},{"key":"Connection","value":"keep-alive"},{"key":"Keep-Alive","value":"timeout=5"}],"cookie":[],"responseTime":null,"body":"{\n    \"id\": 7,\n    \"teamname\": \"NEW TEAM NAME\",\n    \"league\": \"TEST LEAGUE\",\n    \"country\": \"Korea\",\n    \"logo\": null\n}"}]},{"name":"Delete Team","id":"0b7f973c-7e9c-4841-b11f-b14db5131827","protocolProfileBehavior":{"disableBodyPruning":true},"request":{"method":"DELETE","header":[],"url":{"raw":"http://localhost:8080/team/1","protocol":"http","host":["localhost"],"port":"8080","path":["team","1"]}},"response":[{"id":"a35ce880-620a-427e-bc95-fdfe6f6c9ed0","name":"Delete Team","originalRequest":{"method":"DELETE","header":[],"url":{"raw":"http://localhost:8080/team/7","protocol":"http","host":["localhost"],"port":"8080","path":["team","7"]}},"status":"No Content","code":204,"_postman_previewlanguage":"plain","header":[{"key":"X-Powered-By","value":"Express"},{"key":"ETag","value":"W/\"17-PVQD/E0HAqMH9FRBYNXdIixTtCA\""},{"key":"Date","value":"Thu, 17 Oct 2024 13:55:45 GMT"},{"key":"Connection","value":"keep-alive"},{"key":"Keep-Alive","value":"timeout=5"}],"cookie":[],"responseTime":null,"body":null}]}]}